X_0_0,X_0_1,X_0_2,X_0_3,Y_0_0,Y_0_1,Y_0_2,Y_0_3,decay_0,decay_1,W_0,W_1,J_0,noise
0.09375,0.123046875,0.09375,0.123046875,0.17578125,-0.140625,0.17578125,-0.140625,3.158458110019543,3.2325603341675477,1.942849354387966,-1.6071031493302603,-0.22435954812142317,0.01
0.07421875,0.1640625,0.07421875,0.1640625,0.212890625,-0.052734375,0.212890625,-0.052734375,2.916240440397257,2.9082965781562975,0.16816015080876404,-3.0446392910366105,1.2794045521871886,0.01
0.162109375,0.17578125,0.162109375,0.17578125,0.0390625,0.1015625,0.0390625,0.1015625,3.0841680806857803,3.0197315310515065,-0.1840307429816003,0.6844383932428489,-1.5500846235265864,0.01
0.10546875,0.09765625,0.10546875,0.09765625,0.130859375,0.087890625,0.130859375,0.087890625,3.025036274415054,2.999559155822977,0.6170435995407653,-0.673900804925276,-3.1197333346136005,0.01
0.05078125,0.134765625,0.05078125,0.134765625,0.130859375,0.1171875,0.130859375,0.1171875,2.870525693170097,3.127287402469697,-0.5265967083207386,-0.8096751322187437,-2.5809380319941435,0.01
0.201171875,-0.23046875,0.201171875,-0.23046875,-0.064453125,-0.142578125,-0.064453125,-0.142578125,2.914379848527659,3.2834152897440223,5.131979250520392,1.0647231323942712,-0.12278521307576139,0.01
-0.0703125,-0.0546875,-0.0703125,-0.0546875,-0.095703125,-0.080078125,-0.095703125,-0.080078125,3.074553701622789,3.2575691926579244,1.2192619232167825,1.9651370195938949,4.497183674396267,0.01
0.177734375,0.13671875,0.177734375,0.13671875,0.017578125,0.16796875,0.017578125,0.16796875,3.2407420590824434,3.0946572605237983,-2.0073141860495807,-0.6604967489038776,0.7460773282609019,0.01
0.169921875,0.228515625,0.169921875,0.228515625,-0.125,-0.0390625,-0.125,-0.0390625,2.952665817543396,3.0278739133061765,0.8524452479782108,1.2937296221159227,-0.29266084286966504,0.01
-0.060546875,0.0234375,-0.060546875,0.0234375,-0.23046875,0.25,-0.23046875,0.25,2.8554817600596274,2.9004431633928482,-3.8276842050451196,3.253713899545575,1.6889431331280123,0.01
0.185546875,0.236328125,0.185546875,0.236328125,-0.11328125,0.05859375,-0.11328125,0.05859375,3.045182512856047,3.0897040390859947,-0.19559700789039058,0.9274807400127487,-0.43930850396886206,0.01
-0.0703125,0.234375,-0.0703125,0.234375,0.154296875,0.015625,0.154296875,0.015625,2.5789431379448997,3.1261160995091952,-0.07740303072595048,-4.979436380316866,0.8238896389890282,0.01
0.244140625,0.205078125,0.244140625,0.205078125,0.005859375,-0.013671875,0.005859375,-0.013671875,2.975998812625244,2.75211839369688,0.5454911795268149,-0.6458346890045392,0.8529100578979728,0.01
0.09765625,0.013671875,0.09765625,0.013671875,-0.1171875,-0.19921875,-0.1171875,-0.19921875,2.962685102989525,3.037284739976057,1.5333755136053122,0.9032633553521722,2.052302211002937,0.01
-0.017578125,0.19921875,-0.017578125,0.19921875,0.228515625,0.19140625,0.228515625,0.19140625,2.933718156324092,2.9283712932579613,-1.3981849828478288,-3.3959703417170872,0.21857531572659217,0.01
0.259765625,-0.091796875,0.259765625,-0.091796875,-0.09375,-0.10546875,-0.09375,-0.10546875,3.379934307457604,2.9070309242190375,4.130131973118695,1.2871645790361068,-0.5945700561377351,0.01
0.04296875,0.138671875,0.04296875,0.138671875,-0.19921875,-0.0703125,-0.19921875,-0.0703125,3.2144227433386114,2.8213354660665404,-0.033452330663948926,1.4713138052662038,1.7535596579140635,0.01
0.08203125,0.2421875,0.08203125,0.2421875,-0.146484375,-0.044921875,-0.146484375,-0.044921875,2.6390034444720842,2.8666594230827935,0.09217383107271426,1.2390690209334798,1.0474373267399988,0.01
0.22265625,0.03125,0.22265625,0.03125,-0.0078125,0.251953125,-0.0078125,0.251953125,3.288971094002583,2.904653890250364,-3.341372018481331,-0.102656424261406,0.7303746788507146,0.01
0.177734375,0.04296875,0.177734375,0.04296875,0.0,-0.18359375,0.0,-0.18359375,2.8611837378129192,3.3644485063298584,1.7848102807517072,-0.21212669789137642,2.1839975984819233,0.01
0.138671875,0.12109375,0.138671875,0.12109375,-0.103515625,0.0859375,-0.103515625,0.0859375,3.303983125721604,3.266252317388477,-0.5501610596378408,2.326396568547926,-1.252128414449439,0.01
0.13671875,0.123046875,0.13671875,0.123046875,0.12109375,0.119140625,0.12109375,0.119140625,2.9715877431629134,3.039951484982316,0.20610509513114814,-0.034424057643121043,-2.106378897353152,0.01
0.12109375,-0.130859375,0.12109375,-0.130859375,0.16015625,-0.0390625,0.16015625,-0.0390625,3.2662625958203417,2.9086822854453502,-5.546680569762737,-1.3932901000781828,-1.8112697330216894,0.01
0.103515625,0.001953125,0.103515625,0.001953125,-0.154296875,-0.23828125,-0.154296875,-0.23828125,2.8830605730654986,3.049087040331448,2.4393853204979985,1.3821984797924363,0.7544341951818618,0.01
0.123046875,-0.0078125,0.123046875,-0.0078125,0.126953125,0.162109375,0.126953125,0.162109375,3.273908171641729,2.9815809238815527,-2.4915054621840436,-1.1497749326495046,-1.8937753240567643,0.01
0.103515625,0.0390625,0.103515625,0.0390625,0.0390625,0.052734375,0.0390625,0.052734375,3.0242763611868857,2.989887241591832,0.4392112243768585,1.4639034435698344,-4.49881197814255,0.01
0.103515625,0.193359375,0.103515625,0.193359375,0.2265625,0.005859375,0.2265625,0.005859375,3.092891279040432,2.9442270725832054,1.6259891357144853,-1.222815055787016,-1.9201997459535278,0.01
0.169921875,0.111328125,0.169921875,0.111328125,0.134765625,0.169921875,0.134765625,0.169921875,2.9555025738231833,3.2594016613885946,-1.1896785844661175,-0.714071306694003,-1.4702379553483444,0.01
-0.146484375,0.03125,-0.146484375,0.03125,0.123046875,0.16015625,0.123046875,0.16015625,3.403825627123463,2.8861592974731054,-0.7092055565641527,-4.024634883526283,-3.127026829593823,0.01
0.134765625,0.283203125,0.134765625,0.283203125,-0.236328125,0.091796875,-0.236328125,0.091796875,2.7788928072197354,3.0765165239290195,-0.13005142247070128,2.261914301022177,0.14460121283743102,0.01
0.1953125,0.1640625,0.1953125,0.1640625,0.126953125,0.19140625,0.126953125,0.19140625,2.798214296334058,3.0420948707562245,-1.4339686351597534,-1.8759039258973287,0.8258954073901861,0.01
0.19140625,0.072265625,0.19140625,0.072265625,0.232421875,0.1953125,0.232421875,0.1953125,3.0756284521208417,2.8695747280639816,-2.7756125401774057,-2.068714851470381,0.9707132231317569,0.01
0.041015625,0.193359375,0.041015625,0.193359375,0.15625,0.005859375,0.15625,0.005859375,3.0532480619183677,3.33692978947305,0.9828941236896007,-1.484835714420729,-1.6787198174731832,0.01
0.216796875,0.166015625,0.216796875,0.166015625,0.021484375,-0.126953125,0.021484375,-0.126953125,3.2363957026543346,3.0159994965079475,-0.20301889223563532,-1.3754812653029278,2.226724849310552,0.01
0.150390625,0.193359375,0.150390625,0.193359375,-0.1640625,0.04296875,-0.1640625,0.04296875,3.0911524310228193,2.6006584088424707,0.06882349365683696,1.9548391161822407,-0.8068963970728481,0.01
0.236328125,0.12890625,0.236328125,0.12890625,-0.068359375,0.20703125,-0.068359375,0.20703125,2.7855974931408087,2.7069182091421022,-1.6569030426058082,0.8724499285394699,-0.15050649853896744,0.01
0.16015625,0.2109375,0.16015625,0.2109375,0.1328125,0.080078125,0.1328125,0.080078125,2.9717805926033796,3.523511303204971,-1.1350525363256272,-1.6883433180145488,0.3119731060523402,0.01
0.255859375,0.076171875,0.255859375,0.076171875,0.0625,-0.20703125,0.0625,-0.20703125,3.135764960604855,2.7255564105479095,2.200712474632848,-0.5111106095595408,0.5009226050456056,0.01
-0.203125,0.2578125,-0.203125,0.2578125,0.126953125,0.080078125,0.126953125,0.080078125,2.8221837842373736,2.928142493128332,-0.2522342346165837,-4.7749780074627015,-0.5687211393844998,0.01
0.025390625,0.125,0.025390625,0.125,0.076171875,0.05859375,0.076171875,0.05859375,2.999031986835824,2.9310276691058057,0.20757296521581375,0.32105582487121087,-4.410330611721644,0.01
0.216796875,-0.185546875,0.216796875,-0.185546875,0.08203125,-0.03515625,0.08203125,-0.03515625,2.9733109864261147,2.8828455104138095,4.647204706434605,-2.098805688851422,1.97725286728035,0.01
0.166015625,0.228515625,0.166015625,0.228515625,-0.076171875,-0.1328125,-0.076171875,-0.1328125,2.7515424910416226,3.126725050438051,1.1759371034939339,1.103886142570739,-0.684271342459871,0.01
0.095703125,0.2109375,0.095703125,0.2109375,0.19140625,-0.0078125,0.19140625,-0.0078125,3.369513959744354,3.2417714707169445,0.3398935437654737,-1.5813001261568131,-0.49570865561652705,0.01
0.181640625,-0.17578125,0.181640625,-0.17578125,0.033203125,-0.05859375,0.033203125,-0.05859375,3.2386077687516837,2.954746174598406,-5.888658684176649,0.9553181025698723,-2.311535131814855,0.01
0.1875,0.2421875,0.1875,0.2421875,-0.0390625,0.046875,-0.0390625,0.046875,2.9444148010667655,3.208060208299077,-0.0035541630065920008,0.8146331046238198,-0.6975677352675853,0.01
0.146484375,0.095703125,0.146484375,0.095703125,0.015625,-0.169921875,0.015625,-0.169921875,3.055441835825857,3.175836576435401,1.9632777424625825,-0.22083900500522624,0.28436009080329505,0.01
0.09375,0.109375,0.09375,0.109375,-0.123046875,-0.0390625,-0.123046875,-0.0390625,2.8240361374745984,2.9764830820220585,-0.6581563547755862,0.40800488112752387,2.9599182880784536,0.01
0.1328125,0.169921875,0.1328125,0.169921875,0.0625,-0.12890625,0.0625,-0.12890625,2.907981917382465,3.012936957200583,2.8089981811202804,0.20005639383065557,-3.06117483671669,0.01
0.1953125,0.2421875,0.1953125,0.2421875,0.052734375,0.068359375,0.052734375,0.068359375,2.9647009308834957,3.008245376755875,-0.538483970659591,-0.4369443767705038,-0.27849213297226555,0.01
0.244140625,0.130859375,0.244140625,0.130859375,0.017578125,0.087890625,0.017578125,0.087890625,3.1337775335130456,2.841130845347393,-2.029275884990205,-0.8414107014790182,1.2802192969251323,0.01
0.068359375,0.22265625,0.068359375,0.22265625,0.171875,0.0390625,0.171875,0.0390625,2.7521386819063385,3.0302878039858676,-0.9612497861322936,-2.9305852418899256,1.2014889403679188,0.01
0.265625,0.08984375,0.265625,0.08984375,-0.001953125,0.2109375,-0.001953125,0.2109375,2.6059565282740453,2.6044815524249736,-1.0397306000111668,0.657448877361845,-1.4462250256154845,0.01
0.21484375,0.126953125,0.21484375,0.126953125,0.009765625,0.017578125,0.009765625,0.017578125,3.291494469878139,2.7461902451193136,0.6365356445394855,1.7553477642361035,-3.4880000062092855,0.01
-0.083984375,0.1015625,-0.083984375,0.1015625,0.205078125,0.1328125,0.205078125,0.1328125,3.1064737987179054,3.012326758489143,-0.9885040295360106,-3.041827317346507,-1.953990257695097,0.01
-0.021484375,0.2421875,-0.021484375,0.2421875,0.197265625,0.037109375,0.197265625,0.037109375,2.843228616379472,3.1135420896753816,-0.24255133400682413,-3.050539414866614,0.02221586436258423,0.01
0.126953125,0.228515625,0.126953125,0.228515625,0.115234375,-0.041015625,0.115234375,-0.041015625,3.1570246047685324,3.2793321375116995,-0.1254492805212812,-1.2975486372911318,0.28071098038106995,0.01
0.08203125,0.162109375,0.08203125,0.162109375,-0.22265625,0.146484375,-0.22265625,0.146484375,3.180049260846643,2.9923838007731973,-0.9702564552997243,2.6202670778411163,0.1762386140167161,0.01
-0.10546875,0.0859375,-0.10546875,0.0859375,-0.03125,-0.041015625,-0.03125,-0.041015625,2.7344568786728902,2.5119356682819265,-1.1084473175252099,3.4470976213558893,4.339303883567992,0.01
0.0859375,0.212890625,0.0859375,0.212890625,-0.21484375,0.02734375,-0.21484375,0.02734375,2.8023632488618184,2.7988346542758484,0.31992475836533657,3.306281819864241,-1.6595692423397503,0.01
0.240234375,-0.04296875,0.240234375,-0.04296875,-0.01171875,-0.193359375,-0.01171875,-0.193359375,2.8723793720635937,2.494082674462554,2.5667738076635196,-1.058005018461881,1.3083981648443024,0.01
0.166015625,0.150390625,0.166015625,0.150390625,0.1015625,0.056640625,0.1015625,0.056640625,3.2568632915423374,2.8265599577408977,-1.405838172945863,-1.4070881011043164,1.1716041713928285,0.01
0.2265625,0.15234375,0.2265625,0.15234375,-0.078125,0.1953125,-0.078125,0.1953125,3.0387589751972337,2.456759837371774,-2.992258080087555,-0.6511760809529687,2.5899136888045327,0.01
0.12890625,0.16796875,0.12890625,0.16796875,-0.142578125,0.142578125,-0.142578125,0.142578125,2.6171281274575207,2.8627747501358796,-2.540107111447585,1.0478936282411395,2.498524898676161,0.01
0.22265625,0.197265625,0.22265625,0.197265625,0.134765625,-0.025390625,0.134765625,-0.025390625,3.0391176261836477,2.8166090091040212,0.05948071989084336,-1.1893679026523338,0.20555614461318247,0.01
0.037109375,0.009765625,0.037109375,0.009765625,0.099609375,0.126953125,0.099609375,0.126953125,2.7209483869822115,3.1604602345290607,-0.5506543571219291,-0.5846656944802873,-3.990921223986034,0.01
0.025390625,0.10546875,0.025390625,0.10546875,0.1171875,0.046875,0.1171875,0.046875,3.0410145488337887,2.9711149307921905,1.0335049347726495,-1.0934567431335447,-3.6407200503094614,0.01
0.18359375,0.130859375,0.18359375,0.130859375,-0.052734375,0.078125,-0.052734375,0.078125,2.80083833243478,2.949664740262337,-2.1658609333700327,-0.7175107485649485,2.677060511254331,0.01
0.18359375,0.203125,0.18359375,0.203125,-0.126953125,0.0078125,-0.126953125,0.0078125,3.1532300575904983,3.014157172134023,0.6303680447473596,1.902650360135123,-2.1414922428052248,0.01
0.166015625,0.12890625,0.166015625,0.12890625,0.001953125,-0.099609375,0.001953125,-0.099609375,3.1592704100570406,3.0363491665724776,0.43709418771535974,-0.8302826083622656,2.915133606882112,0.01
0.17578125,0.23046875,0.17578125,0.23046875,-0.123046875,0.04296875,-0.123046875,0.04296875,2.924312254769773,3.0633066128295465,-0.8744065362815372,0.9207322767959508,1.6363202713821026,0.01
0.03125,0.095703125,0.03125,0.095703125,-0.259765625,0.25390625,-0.259765625,0.25390625,2.9392228676007055,3.15859586385274,-2.694217245419646,2.258510770143666,0.544102127889963,0.01
0.185546875,0.08984375,0.185546875,0.08984375,-0.05859375,0.1953125,-0.05859375,0.1953125,2.8498961643763927,3.251556558040676,-1.3075947121256346,1.7498210948084267,-1.4866218018465667,0.01
-0.0078125,0.15234375,-0.0078125,0.15234375,-0.18359375,0.07421875,-0.18359375,0.07421875,3.1211349236984685,3.2770926353355914,-3.1940460301264895,1.5981134543533286,3.240965575168382,0.01
0.166015625,0.1875,0.166015625,0.1875,-0.169921875,0.19921875,-0.169921875,0.19921875,2.525613580797798,2.891899759378683,-2.862820791054238,0.0719125831644448,2.024077387764576,0.01
0.185546875,0.037109375,0.185546875,0.037109375,0.02734375,0.205078125,0.02734375,0.205078125,3.1814397986124288,2.8496937815856795,-2.060341352267934,0.3797253703920962,-1.0745468539763507,0.01
0.287109375,0.154296875,0.287109375,0.154296875,-0.029296875,0.212890625,-0.029296875,0.212890625,2.9769184239522333,2.7236896905828702,-2.000000675452537,0.5287788408564282,-0.28245579884263283,0.01
0.171875,0.0859375,0.171875,0.0859375,-0.03515625,-0.14453125,-0.03515625,-0.14453125,3.063744003719039,2.814919833717012,0.5960722617575256,-0.7963244829137681,3.215562029287778,0.01
-0.087890625,0.095703125,-0.087890625,0.095703125,0.1796875,0.189453125,0.1796875,0.189453125,2.888924659604205,2.961925056206173,-1.8438528554984253,-4.288986315357076,-0.3029256692605046,0.01
0.130859375,0.265625,0.130859375,0.265625,0.20703125,0.009765625,0.20703125,0.009765625,2.9766526926246453,2.6419339112799625,0.6814386528765152,-1.3410317971468038,-1.8572700619124303,0.01
0.189453125,0.119140625,0.189453125,0.119140625,0.017578125,-0.05859375,0.017578125,-0.05859375,2.9165026960315843,2.9940182462764384,1.889125675334392,1.1949274649160604,-3.0808666819341775,0.01
0.064453125,0.15625,0.064453125,0.15625,-0.1328125,0.21875,-0.1328125,0.21875,2.8605293175848425,3.1602743972545766,-2.6027533212847005,1.1840143747451535,1.5143042262363726,0.01
0.115234375,0.154296875,0.115234375,0.154296875,-0.041015625,-0.06640625,-0.041015625,-0.06640625,3.0369956509601175,3.151855010207914,-1.8725664252898748,-1.0558912622102958,4.482989257636185,0.01
0.197265625,0.16796875,0.197265625,0.16796875,-0.07421875,0.126953125,-0.07421875,0.126953125,2.866639012049787,3.144547317822337,-1.189076422960165,0.8921736500313656,-0.22677792902648652,0.01
-0.033203125,0.037109375,-0.033203125,0.037109375,-0.05078125,-0.06640625,-0.05078125,-0.06640625,2.8634599464965604,2.879732288814758,-0.7192823274432116,2.0216803981898583,4.778164875024659,0.01
0.021484375,0.2421875,0.021484375,0.2421875,0.232421875,0.091796875,0.232421875,0.091796875,3.0963396134455765,3.027052938669184,-0.6931905591661696,-2.325442571440316,-0.5371295872123693,0.01
-0.0703125,0.01171875,-0.0703125,0.01171875,0.23046875,-0.17578125,0.23046875,-0.17578125,3.2116357256626626,3.0088820185208456,3.652755026737658,-3.3597466292550795,-1.3591294794098483,0.01
-0.08203125,0.05078125,-0.08203125,0.05078125,0.091796875,0.09765625,0.091796875,0.09765625,3.19570282598008,2.75806328148752,-0.1819990742371613,-2.6135666984749952,-3.435051581475541,0.01
-0.162109375,0.2265625,-0.162109375,0.2265625,-0.23046875,-0.087890625,-0.23046875,-0.087890625,2.7051165637151917,2.8999989107750115,0.7931898072973447,4.096541798722832,0.018063703459095935,0.01
0.033203125,0.080078125,0.033203125,0.080078125,0.142578125,-0.1484375,0.142578125,-0.1484375,2.979778626370102,3.0121762097229903,4.0137578132954514,-2.044377544217491,-1.9995380744320488,0.01
0.076171875,0.17578125,0.076171875,0.17578125,0.1484375,0.142578125,0.1484375,0.142578125,3.00977757451966,3.225298308182472,-1.3530618611569167,-2.283011542466215,0.08212778839872044,0.01
0.216796875,0.181640625,0.216796875,0.181640625,-0.046875,-0.138671875,-0.046875,-0.138671875,3.0081085753877614,2.8092322717128764,0.5103025385901971,-0.5580755551025735,1.3110766996386738,0.01
0.150390625,0.125,0.150390625,0.125,0.185546875,-0.173828125,0.185546875,-0.173828125,3.3623667750585757,2.831080155596589,2.0906861946674886,-1.345571583733312,-0.1461683711445147,0.01
-0.177734375,0.197265625,-0.177734375,0.197265625,-0.052734375,0.11328125,-0.052734375,0.11328125,3.0044521323431557,3.106722370337905,-0.1276101697340332,6.031892033875264,-1.3012103775607953,0.01
0.20703125,0.296875,0.20703125,0.296875,-0.001953125,0.064453125,-0.001953125,0.064453125,3.0321263046709004,2.9161199047416044,-0.5456229751091146,0.19263630326895945,-0.4277183488690891,0.01
0.212890625,0.0,0.212890625,0.0,-0.177734375,-0.291015625,-0.177734375,-0.291015625,2.9833691630822514,2.907436510058694,3.0285872200789146,1.7208236869011138,0.002929892514474822,0.01
-0.078125,0.189453125,-0.078125,0.189453125,-0.234375,-0.078125,-0.234375,-0.078125,2.961670309388609,2.7097768701566323,0.008703329808623908,2.9673234721214303,1.394812902802112,0.01
0.13671875,-0.056640625,0.13671875,-0.056640625,-0.162109375,0.18359375,-0.162109375,0.18359375,3.075910772982162,3.062266792817715,-3.578043475982015,2.5177220737165604,-0.789928233975447,0.01
0.111328125,0.216796875,0.111328125,0.216796875,-0.220703125,-0.025390625,-0.220703125,-0.025390625,3.0091804464345633,3.0097842182049175,-0.1739446337674305,1.5169521402957642,1.1178540185633283,0.01
0.052734375,0.212890625,0.052734375,0.212890625,-0.21484375,0.09765625,-0.21484375,0.09765625,3.0958176149870518,3.209065203249758,-0.47887911498337105,2.7296037073435784,-0.2749948636416447,0.01
0.1328125,0.13671875,0.1328125,0.13671875,0.115234375,-0.228515625,0.115234375,-0.228515625,2.6078560203364862,2.962759970223565,1.4091998188864876,-1.8215742133577082,2.1871403703992787,0.01
0.34375,0.154296875,0.34375,0.154296875,-0.021484375,-0.125,-0.021484375,-0.125,3.420736868160946,2.388100327342005,1.2241691378624893,0.20390047918531679,-0.19922974902241763,0.01
0.080078125,0.13671875,0.080078125,0.13671875,-0.091796875,0.013671875,-0.091796875,0.013671875,3.280095402182089,3.0497142038991494,-1.5694040730041448,-0.5822244047888905,3.6161247431615213,0.01
0.146484375,0.107421875,0.146484375,0.107421875,-0.083984375,-0.033203125,-0.083984375,-0.033203125,3.2736875647188226,2.8597704734107925,-0.5688635546304058,-1.4100564443158872,3.399348337390024,0.01
0.11328125,0.0625,0.11328125,0.0625,-0.12109375,-0.162109375,-0.12109375,-0.162109375,3.363585120067357,2.8407002913052786,1.7385145613491955,0.7731053273480704,2.385911038662248,0.01
-0.017578125,0.0234375,-0.017578125,0.0234375,-0.169921875,-0.12109375,-0.169921875,-0.12109375,3.269884777531801,2.973448350168072,1.3229869751096963,2.0138240249137276,3.1893176960153977,0.01
0.087890625,0.14453125,0.087890625,0.14453125,0.125,0.02734375,0.125,0.02734375,2.8560641855194535,3.158833577913173,1.4062296470372198,-0.6958704917067474,-2.753003477655817,0.01
0.095703125,-0.037109375,0.095703125,-0.037109375,-0.107421875,-0.19140625,-0.107421875,-0.19140625,3.0349098575006317,3.0904202014865323,1.567850446296378,-0.4637310567550082,3.5562004746361104,0.01
0.19140625,0.197265625,0.19140625,0.197265625,-0.119140625,0.095703125,-0.119140625,0.095703125,3.1690074847104492,2.8567762582680487,0.27399114698101446,1.792464842600102,-1.4915365106016403,0.01
0.09765625,0.05078125,0.09765625,0.05078125,-0.1484375,0.171875,-0.1484375,0.171875,2.962812952244622,3.182325751329012,-1.6277534849986086,2.6320272282586683,-1.9934393418160676,0.01
0.015625,0.12109375,0.015625,0.12109375,0.224609375,0.134765625,0.224609375,0.134765625,2.760853112261409,3.1745864932226007,-0.3385537155595993,-1.6637629441855921,-2.2214304236003284,0.01
-0.09375,0.0546875,-0.09375,0.0546875,-0.111328125,0.251953125,-0.111328125,0.251953125,2.6791308559001914,3.1548062357166824,-3.6865962841854834,3.297550302357433,2.9374081236378693,0.01
0.095703125,0.208984375,0.095703125,0.208984375,-0.23046875,-0.037109375,-0.23046875,-0.037109375,3.36184402124838,2.8566669884424654,-0.3467148303319516,1.1721829997471336,2.205739552146525,0.01
0.037109375,0.091796875,0.037109375,0.091796875,0.244140625,0.166015625,0.244140625,0.166015625,3.255255940055861,3.054881068866244,-1.6091466846743654,-1.8811102231139407,-1.1813837718975775,0.01
0.107421875,0.173828125,0.107421875,0.173828125,0.27734375,-0.005859375,0.27734375,-0.005859375,3.168671694275764,2.5929594845701804,1.1719495681974426,-1.1854381981272168,-2.0994874165267126,0.01
0.298828125,0.076171875,0.298828125,0.076171875,0.078125,0.21484375,0.078125,0.21484375,2.8147188649083716,2.784731891885129,-1.9811211704427838,0.6854507496026091,-1.5768102472102268,0.01
0.20703125,-0.015625,0.20703125,-0.015625,-0.07421875,-0.220703125,-0.07421875,-0.220703125,2.828526430309453,3.274236242530832,2.873355931576737,0.1503455559017607,0.5403171629535585,0.01
0.0546875,0.087890625,0.0546875,0.087890625,0.212890625,0.044921875,0.212890625,0.044921875,3.08503528473796,2.7569268734036143,0.10842196414597743,-1.1839329666695937,-3.2973357061052937,0.01
0.09765625,-0.146484375,0.09765625,-0.146484375,0.17578125,0.171875,0.17578125,0.171875,2.9483025479516525,2.8247597633029238,-4.196886857071255,-1.8228390119937126,-0.07112168916942929,0.01
0.150390625,0.08984375,0.150390625,0.08984375,0.146484375,-0.1875,0.146484375,-0.1875,3.2893063775258202,2.7444867150062495,2.9225898545326805,-0.4127599455925416,-1.491300985450439,0.01
0.13671875,0.15625,0.13671875,0.15625,0.193359375,-0.076171875,0.193359375,-0.076171875,3.075063477684033,2.979340585584618,1.064619741903702,-2.2302641754918837,-0.228795642999572,0.01
0.236328125,0.12109375,0.236328125,0.12109375,0.080078125,-0.201171875,0.080078125,-0.201171875,2.9338583911792044,2.8773530049460168,2.270254447656786,-0.30447480098645907,-0.6656543607444477,0.01
0.22265625,0.171875,0.22265625,0.171875,0.150390625,0.169921875,0.150390625,0.169921875,2.9123418140856434,2.913719262844646,-1.5823460815111139,-1.205142404612599,-0.11478516325405029,0.01
0.13671875,0.197265625,0.13671875,0.197265625,-0.046875,0.0390625,-0.046875,0.0390625,2.965737783186564,3.180870261269926,-1.6566072933930436,-0.7584599420697722,2.604961406197266,0.01
0.166015625,0.21484375,0.166015625,0.21484375,0.103515625,0.03125,0.103515625,0.03125,3.1982490025106958,3.043302358592427,0.0601211841980543,-0.5831944204476031,-0.6938984657409338,0.01
0.212890625,0.12109375,0.212890625,0.12109375,0.00390625,0.16796875,0.00390625,0.16796875,2.964484355585774,3.076936712231018,-2.729895541698576,-0.9584373515375145,1.4813386327233193,0.01
0.091796875,0.12109375,0.091796875,0.12109375,0.134765625,0.09765625,0.134765625,0.09765625,3.2751863850523812,2.4996930857551916,0.9646511988492557,-0.9406539675726188,-2.8448729427092694,0.01
-0.166015625,0.1953125,-0.166015625,0.1953125,-0.142578125,-0.0546875,-0.142578125,-0.0546875,2.944543709417233,2.9238687927427716,-0.6205423642563336,3.1745558514671983,2.6765518166570317,0.01
0.068359375,0.11328125,0.068359375,0.11328125,0.224609375,-0.203125,0.224609375,-0.203125,3.07769500368817,3.068533270082977,1.2497232226030677,-2.36154002527826,0.1601142825335345,0.01
-0.01171875,0.1875,-0.01171875,0.1875,0.25,0.1328125,0.25,0.1328125,2.5407175320245887,3.016375780058146,-0.34819762111011404,-3.1539349638645113,-1.3080307449075155,0.01
0.24609375,0.181640625,0.24609375,0.181640625,-0.001953125,0.0546875,-0.001953125,0.0546875,2.947042133961951,2.9547642203058158,0.25832044564278245,0.7666564002696805,-1.5428817270399242,0.01
0.09765625,0.212890625,0.09765625,0.212890625,0.248046875,-0.125,0.248046875,-0.125,2.915069791722928,2.4870629085846554,0.23723960578508377,-2.859620466104506,1.744272824402629,0.01
-0.03125,0.17578125,-0.03125,0.17578125,-0.224609375,-0.07421875,-0.224609375,-0.07421875,2.881684528642724,2.9219635763300738,0.4304021244625412,2.529204594858323,1.0083630152843526,0.01
0.0,0.17578125,0.0,0.17578125,0.234375,-0.138671875,0.234375,-0.138671875,3.0181388037613113,3.308637171943067,0.8233378592818382,-3.3895557537526173,0.9164782361966121,0.01
-0.0390625,0.041015625,-0.0390625,0.041015625,0.236328125,-0.140625,0.236328125,-0.140625,3.1654155926580705,2.9741057537581312,1.8236478362847357,-4.3953859037679655,1.438767251035562,0.01
0.080078125,0.177734375,0.080078125,0.177734375,0.16015625,-0.154296875,0.16015625,-0.154296875,2.8994133080336653,3.256504340752024,2.1969478155792808,-1.1164636655640683,-1.1052237093764985,0.01
0.1953125,0.111328125,0.1953125,0.111328125,-0.064453125,-0.072265625,-0.064453125,-0.072265625,3.217132180713771,2.924910384481054,-0.1126431559544832,0.26306521693353146,1.3909376801906737,0.01
0.18359375,0.19140625,0.18359375,0.19140625,0.103515625,0.171875,0.103515625,0.171875,2.8311895686636683,3.0934300275083673,-1.7190429170091408,-1.8643612579389737,0.5095945147563277,0.01
-0.0078125,-0.025390625,-0.0078125,-0.025390625,-0.1171875,-0.234375,-0.1171875,-0.234375,2.619255042080077,3.0138516034228253,1.3631955368231017,0.7638864983258887,3.3132860296271365,0.01
0.19140625,0.134765625,0.19140625,0.134765625,-0.06640625,-0.15234375,-0.06640625,-0.15234375,2.5859477905869817,2.9391231518067427,0.7239137925843342,-0.26388132461265723,1.8017626422698816,0.01
-0.015625,0.09765625,-0.015625,0.09765625,0.15625,0.13671875,0.15625,0.13671875,3.195676195924487,3.000087596766854,-0.48898567973131907,-1.6313348942547694,-2.8077893946310337,0.01
0.240234375,0.21484375,0.240234375,0.21484375,0.04296875,-0.123046875,0.04296875,-0.123046875,3.0096925006164383,2.8892894125082003,0.584783327878565,-0.564929609288631,0.5659188424681182,0.01
0.20703125,0.107421875,0.20703125,0.107421875,-0.091796875,0.138671875,-0.091796875,0.138671875,2.8596417192234647,2.960166398844136,-1.9092824003192528,0.9006326156386003,-0.14733386170354687,0.01
0.1796875,0.08203125,0.1796875,0.08203125,0.076171875,0.185546875,0.076171875,0.185546875,3.0409521184623416,3.108682851338186,-1.5799335406440707,0.06202361346896894,-1.4969554800076685,0.01
0.130859375,0.083984375,0.130859375,0.083984375,-0.046875,-0.01953125,-0.046875,-0.01953125,3.063490405471081,2.9631255664928817,-1.6858022457551154,-1.6161485352560763,4.022882493911871,0.01
0.203125,0.1953125,0.203125,0.1953125,0.0859375,-0.181640625,0.0859375,-0.181640625,3.0564038713894712,3.222554491063161,0.8620614491674876,-1.5180674206599472,1.3111083730070257,0.01
0.068359375,0.166015625,0.068359375,0.166015625,-0.1875,0.05078125,-0.1875,0.05078125,3.0310988511907184,3.1790690167833953,-1.3277662391419625,2.4095810050433073,1.4531358303378443,0.01
0.169921875,-0.083984375,0.169921875,-0.083984375,-0.169921875,0.1875,-0.169921875,0.1875,2.8790849883434713,3.36283924551723,-4.247937750870794,1.6632138860703465,0.005759454638820441,0.01
-0.095703125,0.177734375,-0.095703125,0.177734375,0.201171875,-0.130859375,0.201171875,-0.130859375,3.0703838471053726,3.213936257457197,0.35590358583154064,-4.246922471162502,0.7226524543566968,0.01
0.162109375,0.216796875,0.162109375,0.216796875,0.0546875,0.046875,0.0546875,0.046875,3.0952931142314224,3.378300717521046,0.26724535984866205,-0.2843422645071832,-1.6474110488647384,0.01
0.02734375,0.134765625,0.02734375,0.134765625,0.2265625,0.25,0.2265625,0.25,2.5822773787112125,2.8982595289408373,-1.81287575220994,-1.8273118925055176,-0.6426281229204469,0.01
0.15625,0.189453125,0.15625,0.189453125,-0.13671875,-0.05078125,-0.13671875,-0.05078125,3.0489882375028623,2.8165571214869565,-1.0046851806034125,0.2715041701040794,3.0452778330735955,0.01
0.16796875,0.025390625,0.16796875,0.025390625,0.080078125,0.255859375,0.080078125,0.255859375,2.714024559106279,2.9873144062054364,-1.6305838450807213,0.11047618987054107,-2.0391035967024713,0.01
0.005859375,0.095703125,0.005859375,0.095703125,0.236328125,0.2265625,0.236328125,0.2265625,2.759446426963623,3.1478660925105646,-1.7911707768389984,-2.977363226068331,-0.27369906647008635,0.01
0.0625,0.142578125,0.0625,0.142578125,0.126953125,0.03515625,0.126953125,0.03515625,3.306362212660628,3.0035900000176854,-1.4504545858883382,-2.9426588961985436,2.016329033899272,0.01
-0.0078125,-0.056640625,-0.0078125,-0.056640625,0.0390625,0.064453125,0.0390625,0.064453125,3.0875773112968012,3.225344289408226,-1.4550836257680082,2.286152255409659,-5.683511107901013,0.01
-0.0703125,-0.080078125,-0.0703125,-0.080078125,-0.04296875,-0.06640625,-0.04296875,-0.06640625,2.753715211336896,3.136801499848299,1.0822320513177248,1.4946569127221923,5.1316593801066555,0.01
0.14453125,0.224609375,0.14453125,0.224609375,-0.103515625,-0.0546875,-0.103515625,-0.0546875,2.823519602351336,2.948993740520956,1.0575816555798958,2.175524061704254,-1.2251503302562012,0.01
0.15234375,0.171875,0.15234375,0.171875,-0.12890625,0.1015625,-0.12890625,0.1015625,2.949628863227752,3.1576149038828496,-0.7848132962456488,1.6626831659550896,-0.5953394848161769,0.01
0.056640625,0.177734375,0.056640625,0.177734375,-0.146484375,-0.150390625,-0.146484375,-0.150390625,2.8046740532366288,3.2760468919895103,1.6696606352688685,2.6111128755285837,-0.946580732060098,0.01
0.150390625,0.15234375,0.150390625,0.15234375,-0.109375,-0.0234375,-0.109375,-0.0234375,3.1007131682539795,3.023640003984913,0.7258550989089055,1.903434315590519,-1.0886229666865026,0.01
0.20703125,0.236328125,0.20703125,0.236328125,-0.109375,0.0078125,-0.109375,0.0078125,3.011232020992397,3.1169599598377533,-0.011206140000023396,1.212930605147163,-0.9532732335365038,0.01
0.0625,-0.056640625,0.0625,-0.056640625,0.216796875,-0.208984375,0.216796875,-0.208984375,3.1943940514608786,2.6163337816404812,4.1284734483673855,-1.4110555476849256,-1.2647582081484137,0.01
0.068359375,0.25,0.068359375,0.25,0.205078125,-0.033203125,0.205078125,-0.033203125,2.875503334273556,2.785298312713611,0.7668781320278741,-2.252361064211631,-0.750029070642789,0.01
0.212890625,0.2421875,0.212890625,0.2421875,0.00390625,0.1328125,0.00390625,0.1328125,2.7315298129042134,3.310018023759517,-1.2864323118838996,-0.2690927713925516,0.39803067780102674,0.01
0.091796875,0.208984375,0.091796875,0.208984375,-0.115234375,-0.09375,-0.115234375,-0.09375,2.9271417091341383,3.212472087212504,0.41056890067924245,1.2127546649868646,0.6722448606774172,0.01
0.140625,0.18359375,0.140625,0.18359375,-0.21484375,-0.158203125,-0.21484375,-0.158203125,3.066401952376861,2.910982129679611,0.3542055872435319,0.8696717840747591,1.7059221297794152,0.01
-0.16796875,0.142578125,-0.16796875,0.142578125,0.009765625,0.16015625,0.009765625,0.16015625,2.988259826131072,3.1861773626987047,-1.0237311074742093,-4.166644871504837,-2.840902126905978,0.01
0.025390625,0.224609375,0.025390625,0.224609375,-0.23046875,0.015625,-0.23046875,0.015625,2.8658557175705273,2.83361110550986,0.20736829660386538,3.369878154920406,-1.1284836866714598,0.01
0.181640625,0.046875,0.181640625,0.046875,-0.130859375,0.193359375,-0.130859375,0.193359375,3.1130147990099473,2.795293427478172,-1.2094290769032157,2.5234340086965013,-1.991746149442771,0.01
0.162109375,0.109375,0.162109375,0.109375,0.1171875,0.16796875,0.1171875,0.16796875,3.0064701268620895,3.0838128353522234,-0.28717235324915,0.6102233401432143,-3.1894354897547217,0.01
0.103515625,0.0234375,0.103515625,0.0234375,0.15234375,-0.05078125,0.15234375,-0.05078125,3.464320541325466,2.6810839854352913,1.8081142254054805,-2.6857363511795826,2.0996639743325147,0.01
0.267578125,0.013671875,0.267578125,0.013671875,0.076171875,0.193359375,0.076171875,0.193359375,2.9875892792051757,2.792726637861506,-2.211807502692717,-0.206435890878909,-0.7910016363583623,0.01
0.21875,0.078125,0.21875,0.078125,0.083984375,-0.205078125,0.083984375,-0.205078125,2.706791668048025,2.9266696420306353,2.661368864880056,0.13208209984815247,-0.8286683331980286,0.01
-0.068359375,0.087890625,-0.068359375,0.087890625,-0.185546875,0.140625,-0.185546875,0.140625,2.9489877287073885,2.9897154692479537,-3.0141834708611115,3.2814040699240046,1.3250450298981467,0.01
-0.123046875,-0.1953125,-0.123046875,-0.1953125,0.208984375,0.119140625,0.208984375,0.119140625,2.7471080532806575,2.88029034646829,-4.601054269393364,-4.156209022494675,-0.7511698929987745,0.01
0.146484375,0.00390625,0.146484375,0.00390625,0.0859375,-0.189453125,0.0859375,-0.189453125,3.241085295106379,2.8272677307890226,1.4189802318850886,-1.8609231169156797,2.3789393660776326,0.01
0.189453125,0.173828125,0.189453125,0.173828125,-0.103515625,-0.04296875,-0.103515625,-0.04296875,3.045494023934079,2.864351027214619,-0.3255970575784428,0.28043882333289366,1.2150373779008172,0.01
0.052734375,0.037109375,0.052734375,0.037109375,-0.162109375,0.189453125,-0.162109375,0.189453125,3.071834473964688,3.0632469878922137,-2.3322041473667343,2.7937670850879965,-0.952765851918332,0.01
0.2109375,0.12890625,0.2109375,0.12890625,-0.01171875,-0.11328125,-0.01171875,-0.11328125,3.2540148526355943,3.1934123051789656,1.0033576974830913,-0.4137019811916825,0.6443715504692393,0.01
0.18359375,-0.140625,0.18359375,-0.140625,-0.103515625,-0.095703125,-0.103515625,-0.095703125,3.091169948956798,2.9455832778326387,4.145359157878001,0.10006786474605156,1.4850028360484657,0.01
0.234375,-0.013671875,0.234375,-0.013671875,-0.181640625,0.263671875,-0.181640625,0.263671875,2.867876493340172,2.299057354047621,-2.885667187111828,1.742767718708567,-0.7659633787238807,0.01
0.24609375,0.228515625,0.24609375,0.228515625,-0.033203125,-0.11328125,-0.033203125,-0.11328125,2.9994254506155396,2.6086842429085437,0.8009031907146391,0.15410538475439875,0.5923976890603554,0.01
0.068359375,0.142578125,0.068359375,0.142578125,-0.123046875,0.126953125,-0.123046875,0.126953125,2.993663578912162,3.3261546341078247,-2.919926025935437,0.34659862621113785,3.226743431259261,0.01
0.185546875,0.2109375,0.185546875,0.2109375,0.099609375,-0.12109375,0.099609375,-0.12109375,2.728237459657451,2.989221491986242,1.7929959968408973,-0.7228758771688581,-1.1244802998620422,0.01
-0.15625,0.173828125,-0.15625,0.173828125,0.130859375,-0.12109375,0.130859375,-0.12109375,2.962334031432575,3.0229890251343177,0.7339409493847225,-5.90995867542631,1.3251016991379236,0.01
0.1328125,-0.0859375,0.1328125,-0.0859375,0.142578125,-0.212890625,0.142578125,-0.212890625,2.825841126332051,3.3673055257653894,3.713305491288904,-1.9331651623697426,0.5597341137281061,0.01
0.09375,-0.015625,0.09375,-0.015625,-0.212890625,-0.205078125,-0.212890625,-0.205078125,3.1638699163964326,2.8950207463199025,3.206597151132043,2.0778439591537756,0.8968852395598118,0.01
0.115234375,0.265625,0.115234375,0.265625,-0.169921875,0.140625,-0.169921875,0.140625,2.907830137354757,3.095473147046913,-0.8003362752210759,2.3010033754866925,-0.6706228378661028,0.01
0.095703125,0.111328125,0.095703125,0.111328125,0.119140625,0.0234375,0.119140625,0.0234375,3.064991571779684,3.012291208910416,1.9762121562108828,-0.2254745133516208,-3.211314928053891,0.01
0.119140625,0.185546875,0.119140625,0.185546875,-0.169921875,-0.033203125,-0.169921875,-0.033203125,3.265738098240455,3.1391446306636883,0.5467227147001236,1.453693652332032,-0.047659522315739486,0.01
0.26171875,0.18359375,0.26171875,0.18359375,0.04296875,0.107421875,0.04296875,0.107421875,3.1876048999584716,2.796440926063222,-0.24308390726919318,-0.12577425161417402,-1.017444342285138,0.01
0.234375,-0.166015625,0.234375,-0.166015625,0.05859375,0.05859375,0.05859375,0.05859375,3.35590198492774,2.7129672204317776,6.421134584230312,-1.5001944408942491,2.1079107702726634,0.01
0.248046875,0.19921875,0.248046875,0.19921875,0.103515625,-0.1015625,0.103515625,-0.1015625,2.801857505834093,2.892057336887054,0.14896428465599718,-1.5743641778953243,1.4978710635214332,0.01
-0.115234375,0.025390625,-0.115234375,0.025390625,0.177734375,0.21484375,0.177734375,0.21484375,2.9094566718717543,2.8409482432580524,-1.8776544566983813,-3.7645490150673195,-1.370587932608558,0.01
0.212890625,0.123046875,0.212890625,0.123046875,-0.037109375,-0.0859375,-0.037109375,-0.0859375,3.7449578416856273,3.1787944306351044,1.4034825674174687,0.2243953351020998,-0.7180001419529494,0.01
0.07421875,-0.02734375,0.07421875,-0.02734375,-0.13671875,-0.158203125,-0.13671875,-0.158203125,3.2877093872372787,2.6684460491008317,1.483711582226888,-0.17513711380111455,3.7143530705135253,0.01
0.205078125,0.17578125,0.205078125,0.17578125,-0.087890625,0.025390625,-0.087890625,0.025390625,3.1579504540193257,2.9928353404238695,-0.4981315514119826,0.22478600240603833,0.7600374952540548,0.01
0.326171875,0.119140625,0.326171875,0.119140625,0.001953125,-0.18359375,0.001953125,-0.18359375,2.5228885573364734,2.590624270295654,1.5361285808030767,0.10286505830570303,0.5349024213983831,0.01
0.203125,-0.0390625,0.203125,-0.0390625,0.11328125,0.185546875,0.11328125,0.185546875,3.146182463623501,2.843777199934114,-3.013687724201347,-0.6805882822620952,-0.9275904441984021,0.01
0.099609375,0.05859375,0.099609375,0.05859375,0.14453125,0.150390625,0.14453125,0.150390625,3.0580949515791023,2.9903831288099774,-1.1319617388572343,-0.6120601114046422,-2.3901335206614163,0.01
0.125,0.177734375,0.125,0.177734375,0.16015625,-0.134765625,0.16015625,-0.134765625,2.851246215162574,2.899661835907702,2.0340316249003343,-1.1503166826112416,-1.1297668482114938,0.01
-0.052734375,0.095703125,-0.052734375,0.095703125,0.17578125,0.142578125,0.17578125,0.142578125,2.989126705175301,3.0629328508647955,0.6642057039705951,-1.0354321768753265,-4.258456789346502,0.01
0.060546875,0.134765625,0.060546875,0.134765625,-0.16796875,0.205078125,-0.16796875,0.205078125,3.1251973867688148,3.0400468767096047,-3.0282115884714482,1.9529401852772572,0.957040475913725,0.01
0.05859375,-0.01171875,0.05859375,-0.01171875,0.064453125,-0.12890625,0.064453125,-0.12890625,2.9189613880558207,3.277434892088768,1.5569403750635702,-3.140147046770414,4.240476641737228,0.01
0.166015625,0.119140625,0.166015625,0.119140625,-0.1328125,-0.1171875,-0.1328125,-0.1171875,3.197226194994956,3.131780991996094,1.5056546122207999,1.0332849753930786,0.14863696077527383,0.01
0.00390625,0.138671875,0.00390625,0.138671875,0.142578125,0.0234375,0.142578125,0.0234375,3.1265507491266082,2.963438107166092,0.25634731932149624,-2.267080391476678,-2.617004932318998,0.01
0.126953125,0.080078125,0.126953125,0.080078125,-0.212890625,0.20703125,-0.212890625,0.20703125,3.159659819820857,2.9327330555234536,-1.9126776454792822,2.7680492585876557,-1.0370707385037776,0.01
0.181640625,0.19921875,0.181640625,0.19921875,0.1796875,0.0703125,0.1796875,0.0703125,2.9874346552868354,2.82116322997228,-0.5191908186502043,-1.8857742411243599,0.3840937628296111,0.01
0.126953125,0.015625,0.126953125,0.015625,-0.228515625,0.21484375,-0.228515625,0.21484375,3.0460045769286426,2.6178687371911646,-2.4047555575487074,2.2127233051689865,-0.08060097629200323,0.01
0.134765625,0.1640625,0.134765625,0.1640625,-0.087890625,0.05859375,-0.087890625,0.05859375,3.0837932563613073,2.5475922545161303,-2.756746050659138,-0.5436612721730961,3.812481485681438,0.01
0.193359375,0.037109375,0.193359375,0.037109375,-0.029296875,0.119140625,-0.029296875,0.119140625,3.630876786184584,2.8168845952247747,-0.9706018202362339,1.3398721438962127,-3.264906121665818,0.01
0.166015625,0.236328125,0.166015625,0.236328125,0.134765625,0.060546875,0.134765625,0.060546875,3.028006185370249,2.980618695271175,0.07376716397558546,-0.6836102575762645,-1.0645501246689202,0.01
-0.048828125,0.197265625,-0.048828125,0.197265625,0.24609375,0.087890625,0.24609375,0.087890625,2.8606715920028276,2.8659536680532645,-0.3053150721956033,-2.9603109144946416,-0.4678143439193421,0.01
0.1875,0.083984375,0.1875,0.083984375,-0.056640625,0.10546875,-0.056640625,0.10546875,3.358295307015561,2.843401421105181,-1.9046848143235018,0.02186614645596783,0.25328511077326377,0.01
0.103515625,0.2109375,0.103515625,0.2109375,-0.162109375,0.10546875,-0.162109375,0.10546875,3.142913259877576,2.985123525994964,-0.5798281162751814,2.3394232811591213,-0.6631204545767178,0.01
0.080078125,0.0390625,0.080078125,0.0390625,-0.16796875,0.255859375,-0.16796875,0.255859375,2.8444970295676826,3.229650726610851,-2.4425499028400495,2.2402116143758217,-0.781275729426241,0.01
0.287109375,0.046875,0.287109375,0.046875,-0.04296875,-0.22265625,-0.04296875,-0.22265625,3.040401230468117,2.944652522209108,2.1089490087040885,-0.12223428419707875,1.132625127594135,0.01
0.12109375,0.0390625,0.12109375,0.0390625,0.109375,0.150390625,0.109375,0.150390625,3.142932253324517,3.1964465825654833,-0.5200455946231825,-0.12024587776513097,-2.9943915337590874,0.01
-0.017578125,0.171875,-0.017578125,0.171875,-0.1953125,-0.130859375,-0.1953125,-0.130859375,2.7912149324669993,3.1848661565187135,0.5160395567090554,2.1821701360707437,2.039466115602213,0.01
0.2734375,0.072265625,0.2734375,0.072265625,0.07421875,-0.17578125,0.07421875,-0.17578125,2.927546505578763,2.7962056023299606,3.5609538755397394,0.8954726864031574,-2.2521725847231493,0.01
0.146484375,0.19140625,0.146484375,0.19140625,0.19140625,-0.087890625,0.19140625,-0.087890625,3.171599149249401,2.7867940054128444,1.6042138720011578,-0.7712802105822352,-2.1914139116105935,0.01
-0.06640625,-0.044921875,-0.06640625,-0.044921875,0.2265625,-0.193359375,0.2265625,-0.193359375,3.0715285425500185,2.892621954201075,3.0056811529883185,-3.103752431698941,-0.14878274754703422,0.01
0.23828125,0.115234375,0.23828125,0.115234375,0.09375,-0.162109375,0.09375,-0.162109375,3.025545720553189,2.939750439526641,1.7874484475124544,-0.6295895044620599,-0.2206951952886135,0.01
0.009765625,-0.005859375,0.009765625,-0.005859375,-0.318359375,0.18359375,-0.318359375,0.18359375,2.811991421435181,2.527126824413408,-3.21956896504273,3.1269654613725253,-0.11156304872624626,0.01
0.23046875,0.072265625,0.23046875,0.072265625,-0.08984375,0.064453125,-0.08984375,0.064453125,3.160858136895209,2.768816458430948,-1.3856336980913302,1.9544002292795628,-2.944627979740316,0.01
0.17578125,0.1171875,0.17578125,0.1171875,-0.23046875,-0.201171875,-0.23046875,-0.201171875,2.8813459160602584,2.579151762422075,2.531204860632807,2.024541687408056,-0.41926470522914683,0.01
0.138671875,-0.01953125,0.138671875,-0.01953125,0.1484375,-0.1640625,0.1484375,-0.1640625,3.3425233920622923,2.8245961615910278,2.7743241257871545,-2.267264779480018,1.7584207428225433,0.01
-0.021484375,0.12890625,-0.021484375,0.12890625,0.091796875,0.056640625,0.091796875,0.056640625,2.610153135485769,3.030542665480619,0.6113814865613263,-2.157911085138235,-3.8027673169755234,0.01
0.115234375,0.021484375,0.115234375,0.021484375,0.142578125,0.224609375,0.142578125,0.224609375,2.8643209658567694,3.102622679040136,-3.3581674465731437,-2.398174359492697,1.9393769088867432,0.01
0.0390625,0.0078125,0.0390625,0.0078125,-0.060546875,0.052734375,-0.060546875,0.052734375,2.8550959448050985,2.9994706522744656,-2.9773899389067435,-1.7550887623894165,5.68673024299927,0.01
0.185546875,0.150390625,0.185546875,0.150390625,0.048828125,-0.181640625,0.048828125,-0.181640625,3.0061597775149194,3.034478793106255,1.629694579047734,-1.3903435832521314,0.8917107883161464,0.01
0.048828125,0.197265625,0.048828125,0.197265625,-0.11328125,0.017578125,-0.11328125,0.017578125,3.0415165212618978,2.8083874440394303,-1.9982914699175174,1.1585920531816851,4.294484813271373,0.01
0.1796875,-0.01953125,0.1796875,-0.01953125,0.07421875,0.244140625,0.07421875,0.244140625,3.166002586090905,3.2420660780637705,-3.4006953555473545,-0.9535070681893673,-0.26572609999788893,0.01
0.154296875,-0.10546875,0.154296875,-0.10546875,0.1328125,0.158203125,0.1328125,0.158203125,3.349565019630628,2.9324596979684676,-4.393200136372415,-1.3461527958375443,0.734940302782295,0.01
0.07421875,0.201171875,0.07421875,0.201171875,0.126953125,-0.123046875,0.126953125,-0.123046875,2.771309837223751,3.4360932862464635,1.878210479277125,-0.6469290973209662,-1.8868557658943084,0.01
0.248046875,0.21484375,0.248046875,0.21484375,-0.009765625,-0.068359375,-0.009765625,-0.068359375,3.016177806643115,2.90517476565713,-0.20390446301562226,-0.6739942696910503,1.517991349660936,0.01
0.18359375,-0.001953125,0.18359375,-0.001953125,-0.11328125,-0.126953125,-0.11328125,-0.126953125,3.1798108779192256,2.881022900466579,0.7307245634813598,-0.2666592292805754,3.0969094484952504,0.01
0.189453125,-0.03515625,0.189453125,-0.03515625,0.037109375,-0.15625,0.037109375,-0.15625,3.3662581305812402,3.123428776329122,2.1046428346560706,-1.8001515539317767,2.35680905246703,0.01
0.1796875,0.19140625,0.1796875,0.19140625,-0.169921875,0.0625,-0.169921875,0.0625,3.379149183936169,2.9506819042692323,-0.12663969737851963,1.4382813152195757,-0.021269678512914465,0.01
0.146484375,0.06640625,0.146484375,0.06640625,0.1328125,0.181640625,0.1328125,0.181640625,2.9078883923856185,3.0303732808684702,-1.6364604038220332,-0.7591325580624317,-1.0902128730288583,0.01
0.169921875,0.220703125,0.169921875,0.220703125,-0.16796875,0.087890625,-0.16796875,0.087890625,3.147684655398596,2.9495479213499967,-1.7536554366677755,1.375626323370529,0.8449511242981927,0.01
-0.111328125,0.248046875,-0.111328125,0.248046875,0.2265625,-0.009765625,0.2265625,-0.009765625,2.8136082663107684,2.858628917531026,-0.9443202788655,-4.76358228087729,1.9283251105576487,0.01
-0.056640625,0.19140625,-0.056640625,0.19140625,0.18359375,0.185546875,0.18359375,0.185546875,2.734539154249525,3.254116070044113,-1.8021768669551572,-3.522526136364587,0.06272651280974734,0.01
0.173828125,0.26953125,0.173828125,0.26953125,0.150390625,0.123046875,0.150390625,0.123046875,2.913330761354114,2.920157019940016,-1.3364204423312143,-2.335524020900199,1.0688383693400108,0.01
0.220703125,0.21875,0.220703125,0.21875,0.1171875,-0.02734375,0.1171875,-0.02734375,3.0556960635758212,2.8667945292777226,0.7348000325483279,-0.62076836847386,-0.5700143560909388,0.01
0.205078125,0.19921875,0.205078125,0.19921875,0.06640625,0.064453125,0.06640625,0.064453125,3.1256783435882762,3.447595134052704,-0.057277035167794824,0.053628700309364744,-1.5231412970458913,0.01
0.11328125,0.140625,0.11328125,0.140625,-0.033203125,0.236328125,-0.033203125,0.236328125,2.7281617947195738,3.0976024838297382,-0.49145927660032396,2.1014017226359303,-2.6364096727272783,0.01
0.20703125,-0.169921875,0.20703125,-0.169921875,0.08984375,-0.1640625,0.08984375,-0.1640625,2.7482625823150504,3.076391490173676,5.942907526772776,-0.11498161927904178,-1.541051680800217,0.01
-0.0078125,0.21875,-0.0078125,0.21875,0.21875,0.048828125,0.21875,0.048828125,3.0983695965665956,2.9618287818364,-0.5053962326133918,-3.4263107472479857,0.06704398880756123,0.01
0.150390625,-0.013671875,0.150390625,-0.013671875,-0.173828125,-0.205078125,-0.173828125,-0.205078125,3.2425829593369855,2.804910294605759,2.328570422079266,0.18046144312575135,1.8981941477064321,0.01
